rank,uid,title,year,venue,url,problem_claimed,actual_mechanism,hidden_assumptions,variables_treated_as_fixed,failure_modes_ignored,what_it_makes_less_novel,what_it_leaves_open
1,doi:10.4271/2023-36-0013,Big Data and Telemetry Data Methodology for Usage Failure Mode Detection,2024,SAE Technical Paper Series,https://doi.org/10.4271/2023-36-0013,Addresses robot data engines or a neighboring robotics mechanism.,"Prior work usually predicts, ranks, filters, or imitates observed behavior rather than preserving unrealized branches.",The observed outcome is enough to supervise the model.,"Contact mode support, embodiment limits, and deployment perturbations.","Branch collapse, hidden-mode shift, and tail-risk planning failures.",Generic world models and generic uncertainty are crowded.,Data engine failure stratification keeps action-critical alternatives explicit until a physical observation collapses them.
2,arxiv:2512.01946v3,Scaling Cross-Environment Failure Reasoning Data for Vision-Language Robotic Manipulation,2025,arXiv,http://arxiv.org/abs/2512.01946v3,Addresses robot data engines or a neighboring robotics mechanism.,"Prior work usually predicts, ranks, filters, or imitates observed behavior rather than preserving unrealized branches.",The observed outcome is enough to supervise the model.,"Contact mode support, embodiment limits, and deployment perturbations.","Branch collapse, hidden-mode shift, and tail-risk planning failures.",Generic world models and generic uncertainty are crowded.,Data engine failure stratification keeps action-critical alternatives explicit until a physical observation collapses them.
3,doi:10.1016/j.cie.2021.107350,A new data envelopment analysis-based model for failure mode and effect analysis with heterogeneous information,2021,Computers & Industrial Engineering,https://doi.org/10.1016/j.cie.2021.107350,Addresses robot data engines or a neighboring robotics mechanism.,"Prior work usually predicts, ranks, filters, or imitates observed behavior rather than preserving unrealized branches.",The observed outcome is enough to supervise the model.,"Contact mode support, embodiment limits, and deployment perturbations.","Branch collapse, hidden-mode shift, and tail-risk planning failures.",Generic world models and generic uncertainty are crowded.,Data engine failure stratification keeps action-critical alternatives explicit until a physical observation collapses them.
4,doi:10.1161/cir.0000000000000460,Correction to: 2016 ACC/AHA/HFSA Focused Update on New Pharmacological Therapy for Heart Failure: An Update of the 2013 ACCF/AHA Guideline for the Management of Heart Failure: A Report of the American College of Cardiology Foundation/American Heart Association Task Force on Clinical Practice Guidelines and the Heart Failure Society of America,2016,Circulation,https://doi.org/10.1161/cir.0000000000000460,Addresses robot data engines or a neighboring robotics mechanism.,"Prior work usually predicts, ranks, filters, or imitates observed behavior rather than preserving unrealized branches.",The observed outcome is enough to supervise the model.,"Contact mode support, embodiment limits, and deployment perturbations.","Branch collapse, hidden-mode shift, and tail-risk planning failures.",Generic world models and generic uncertainty are crowded.,Data engine failure stratification keeps action-critical alternatives explicit until a physical observation collapses them.
5,doi:10.1201/9781003762584-86,Method for correlation of failure data from durability tests and field of automotive engine parts with spontaneous failure mode,2026,"Safety and Reliability, Volume 2",https://doi.org/10.1201/9781003762584-86,Addresses robot data engines or a neighboring robotics mechanism.,"Prior work usually predicts, ranks, filters, or imitates observed behavior rather than preserving unrealized branches.",The observed outcome is enough to supervise the model.,"Contact mode support, embodiment limits, and deployment perturbations.","Branch collapse, hidden-mode shift, and tail-risk planning failures.",Generic world models and generic uncertainty are crowded.,Data engine failure stratification keeps action-critical alternatives explicit until a physical observation collapses them.
6,doi:10.3748/wjg.v30.i20.2657,Development and validation of a new prognostic model for patients with acute-on-chronic liver failure in intensive care unit,2024,World Journal of Gastroenterology,https://doi.org/10.3748/wjg.v30.i20.2657,Addresses robot data engines or a neighboring robotics mechanism.,"Prior work usually predicts, ranks, filters, or imitates observed behavior rather than preserving unrealized branches.",The observed outcome is enough to supervise the model.,"Contact mode support, embodiment limits, and deployment perturbations.","Branch collapse, hidden-mode shift, and tail-risk planning failures.",Generic world models and generic uncertainty are crowded.,Data engine failure stratification keeps action-critical alternatives explicit until a physical observation collapses them.
7,arxiv:2510.09459v2,Failure Prediction at Runtime for Generative Robot Policies,2025,arXiv,http://arxiv.org/abs/2510.09459v2,Addresses robot data engines or a neighboring robotics mechanism.,"Prior work usually predicts, ranks, filters, or imitates observed behavior rather than preserving unrealized branches.",The observed outcome is enough to supervise the model.,"Contact mode support, embodiment limits, and deployment perturbations.","Branch collapse, hidden-mode shift, and tail-risk planning failures.",Generic world models and generic uncertainty are crowded.,Data engine failure stratification keeps action-critical alternatives explicit until a physical observation collapses them.
8,doi:10.1007/s002689900063,Severity Stratification and Outcome Prediction for Multisystem Organ Failure and Dysfunction,1996,World Journal of Surgery,https://doi.org/10.1007/s002689900063,Addresses robot data engines or a neighboring robotics mechanism.,"Prior work usually predicts, ranks, filters, or imitates observed behavior rather than preserving unrealized branches.",The observed outcome is enough to supervise the model.,"Contact mode support, embodiment limits, and deployment perturbations.","Branch collapse, hidden-mode shift, and tail-risk planning failures.",Generic world models and generic uncertainty are crowded.,Data engine failure stratification keeps action-critical alternatives explicit until a physical observation collapses them.
9,doi:10.1155/2013/175925,TNM‐Like Classification: A New Proposed Method for Heart Failure Staging,2013,The Scientific World Journal,https://doi.org/10.1155/2013/175925,Addresses robot data engines or a neighboring robotics mechanism.,"Prior work usually predicts, ranks, filters, or imitates observed behavior rather than preserving unrealized branches.",The observed outcome is enough to supervise the model.,"Contact mode support, embodiment limits, and deployment perturbations.","Branch collapse, hidden-mode shift, and tail-risk planning failures.",Generic world models and generic uncertainty are crowded.,Data engine failure stratification keeps action-critical alternatives explicit until a physical observation collapses them.
10,doi:10.1007/s11897-021-00529-8,SGLT2 Inhibitors and Their Mode of Action in Heart Failure—Has the Mystery Been Unravelled?,2021,Current Heart Failure Reports,https://doi.org/10.1007/s11897-021-00529-8,Addresses robot data engines or a neighboring robotics mechanism.,"Prior work usually predicts, ranks, filters, or imitates observed behavior rather than preserving unrealized branches.",The observed outcome is enough to supervise the model.,"Contact mode support, embodiment limits, and deployment perturbations.","Branch collapse, hidden-mode shift, and tail-risk planning failures.",Generic world models and generic uncertainty are crowded.,Data engine failure stratification keeps action-critical alternatives explicit until a physical observation collapses them.
11,doi:10.1162/imag_a_00057,Denoising task-correlated head motion from motor-task fMRI data with multi-echo ICA,2024,Imaging Neuroscience,https://doi.org/10.1162/imag_a_00057,Addresses robot data engines or a neighboring robotics mechanism.,"Prior work usually predicts, ranks, filters, or imitates observed behavior rather than preserving unrealized branches.",The observed outcome is enough to supervise the model.,"Contact mode support, embodiment limits, and deployment perturbations.","Branch collapse, hidden-mode shift, and tail-risk planning failures.",Generic world models and generic uncertainty are crowded.,Data engine failure stratification keeps action-critical alternatives explicit until a physical observation collapses them.
12,arxiv:2503.06060v1,STAR: A Foundation Model-driven Framework for Robust Task Planning and Failure Recovery in Robotic Systems,2025,arXiv,http://arxiv.org/abs/2503.06060v1,Addresses robot data engines or a neighboring robotics mechanism.,"Prior work usually predicts, ranks, filters, or imitates observed behavior rather than preserving unrealized branches.",The observed outcome is enough to supervise the model.,"Contact mode support, embodiment limits, and deployment perturbations.","Branch collapse, hidden-mode shift, and tail-risk planning failures.",Generic world models and generic uncertainty are crowded.,Data engine failure stratification keeps action-critical alternatives explicit until a physical observation collapses them.
13,doi:10.1016/j.visres.2006.08.023,Exclusion failure does not demonstrate unconscious perception II: Evidence from a forced-choice exclusion task,2006,Vision Research,https://doi.org/10.1016/j.visres.2006.08.023,Addresses robot data engines or a neighboring robotics mechanism.,"Prior work usually predicts, ranks, filters, or imitates observed behavior rather than preserving unrealized branches.",The observed outcome is enough to supervise the model.,"Contact mode support, embodiment limits, and deployment perturbations.","Branch collapse, hidden-mode shift, and tail-risk planning failures.",Generic world models and generic uncertainty are crowded.,Data engine failure stratification keeps action-critical alternatives explicit until a physical observation collapses them.
14,doi:10.3748/wjg.v30.i22.2881,Heparin is an effective treatment for preventing liver failure after hepatectomy,2024,World Journal of Gastroenterology,https://doi.org/10.3748/wjg.v30.i22.2881,Addresses robot data engines or a neighboring robotics mechanism.,"Prior work usually predicts, ranks, filters, or imitates observed behavior rather than preserving unrealized branches.",The observed outcome is enough to supervise the model.,"Contact mode support, embodiment limits, and deployment perturbations.","Branch collapse, hidden-mode shift, and tail-risk planning failures.",Generic world models and generic uncertainty are crowded.,Data engine failure stratification keeps action-critical alternatives explicit until a physical observation collapses them.
15,doi:10.1142/s2972335325500073,STAR: A Foundation Model-Driven Framework for Robust Task Planning and Failure Recovery in Robotic Systems,2025,International Journal of Artificial Intelligence and Robotics Research,https://doi.org/10.1142/s2972335325500073,Addresses robot data engines or a neighboring robotics mechanism.,"Prior work usually predicts, ranks, filters, or imitates observed behavior rather than preserving unrealized branches.",The observed outcome is enough to supervise the model.,"Contact mode support, embodiment limits, and deployment perturbations.","Branch collapse, hidden-mode shift, and tail-risk planning failures.",Generic world models and generic uncertainty are crowded.,Data engine failure stratification keeps action-critical alternatives explicit until a physical observation collapses them.
16,arxiv:2409.12514v5,"TinyVLA: Towards Fast, Data-Efficient Vision-Language-Action Models for Robotic Manipulation",2024,arXiv,http://arxiv.org/abs/2409.12514v5,Addresses robot data engines or a neighboring robotics mechanism.,"Prior work usually predicts, ranks, filters, or imitates observed behavior rather than preserving unrealized branches.",The observed outcome is enough to supervise the model.,"Contact mode support, embodiment limits, and deployment perturbations.","Branch collapse, hidden-mode shift, and tail-risk planning failures.",Generic world models and generic uncertainty are crowded.,Data engine failure stratification keeps action-critical alternatives explicit until a physical observation collapses them.
17,doi:10.3390/e25050757,Failure Mode and Effects Analysis on the Air System of an Aero Turbofan Engine Using the Gaussian Model and Evidence Theory,2023,Entropy,https://doi.org/10.3390/e25050757,Addresses robot data engines or a neighboring robotics mechanism.,"Prior work usually predicts, ranks, filters, or imitates observed behavior rather than preserving unrealized branches.",The observed outcome is enough to supervise the model.,"Contact mode support, embodiment limits, and deployment perturbations.","Branch collapse, hidden-mode shift, and tail-risk planning failures.",Generic world models and generic uncertainty are crowded.,Data engine failure stratification keeps action-critical alternatives explicit until a physical observation collapses them.
18,arxiv:2410.04640v2,Unpacking Failure Modes of Generative Policies: Runtime Monitoring of Consistency and Progress,2024,arXiv,http://arxiv.org/abs/2410.04640v2,Addresses robot data engines or a neighboring robotics mechanism.,"Prior work usually predicts, ranks, filters, or imitates observed behavior rather than preserving unrealized branches.",The observed outcome is enough to supervise the model.,"Contact mode support, embodiment limits, and deployment perturbations.","Branch collapse, hidden-mode shift, and tail-risk planning failures.",Generic world models and generic uncertainty are crowded.,Data engine failure stratification keeps action-critical alternatives explicit until a physical observation collapses them.
19,doi:10.1115/detc2013-13377,SQP-Based Mobile Manipulator Motion Planning With Controlled Infeasibility for Physically Valid Task Failure,2013,Volume 6A: 37th Mechanisms and Robotics Conference,https://doi.org/10.1115/detc2013-13377,Addresses robot data engines or a neighboring robotics mechanism.,"Prior work usually predicts, ranks, filters, or imitates observed behavior rather than preserving unrealized branches.",The observed outcome is enough to supervise the model.,"Contact mode support, embodiment limits, and deployment perturbations.","Branch collapse, hidden-mode shift, and tail-risk planning failures.",Generic world models and generic uncertainty are crowded.,Data engine failure stratification keeps action-critical alternatives explicit until a physical observation collapses them.
20,arxiv:2606.00815v1,OmniEEG-Bench: A Standardized Evaluation Benchmark for EEG Foundation Models,2026,arXiv,http://arxiv.org/abs/2606.00815v1,Addresses robot data engines or a neighboring robotics mechanism.,"Prior work usually predicts, ranks, filters, or imitates observed behavior rather than preserving unrealized branches.",The observed outcome is enough to supervise the model.,"Contact mode support, embodiment limits, and deployment perturbations.","Branch collapse, hidden-mode shift, and tail-risk planning failures.",Generic world models and generic uncertainty are crowded.,Data engine failure stratification keeps action-critical alternatives explicit until a physical observation collapses them.
21,arxiv:2601.15197v7,LangForce: Bayesian Decomposition of Vision Language Action Models via Latent Action Queries,2026,arXiv,http://arxiv.org/abs/2601.15197v7,Addresses robot data engines or a neighboring robotics mechanism.,"Prior work usually predicts, ranks, filters, or imitates observed behavior rather than preserving unrealized branches.",The observed outcome is enough to supervise the model.,"Contact mode support, embodiment limits, and deployment perturbations.","Branch collapse, hidden-mode shift, and tail-risk planning failures.",Generic world models and generic uncertainty are crowded.,Data engine failure stratification keeps action-critical alternatives explicit until a physical observation collapses them.
22,doi:10.1609/aaai.v28i1.9056,A Framework for Task Planning in Heterogeneous Multi Robot Systems Based on Robot Capabilities,2014,Proceedings of the AAAI Conference on Artificial Intelligence,https://doi.org/10.1609/aaai.v28i1.9056,Addresses robot data engines or a neighboring robotics mechanism.,"Prior work usually predicts, ranks, filters, or imitates observed behavior rather than preserving unrealized branches.",The observed outcome is enough to supervise the model.,"Contact mode support, embodiment limits, and deployment perturbations.","Branch collapse, hidden-mode shift, and tail-risk planning failures.",Generic world models and generic uncertainty are crowded.,Data engine failure stratification keeps action-critical alternatives explicit until a physical observation collapses them.
23,doi:10.3390/met9080905,A new Dynamic Plasticity and Failure Model for Metals,2019,Metals,https://doi.org/10.3390/met9080905,Addresses robot data engines or a neighboring robotics mechanism.,"Prior work usually predicts, ranks, filters, or imitates observed behavior rather than preserving unrealized branches.",The observed outcome is enough to supervise the model.,"Contact mode support, embodiment limits, and deployment perturbations.","Branch collapse, hidden-mode shift, and tail-risk planning failures.",Generic world models and generic uncertainty are crowded.,Data engine failure stratification keeps action-critical alternatives explicit until a physical observation collapses them.
24,doi:10.1007/s42489-020-00069-6,Creating Immersive Virtual Environments Based on Open Geospatial Data and Game Engines,2021,KN - Journal of Cartography and Geographic Information,https://doi.org/10.1007/s42489-020-00069-6,Addresses robot data engines or a neighboring robotics mechanism.,"Prior work usually predicts, ranks, filters, or imitates observed behavior rather than preserving unrealized branches.",The observed outcome is enough to supervise the model.,"Contact mode support, embodiment limits, and deployment perturbations.","Branch collapse, hidden-mode shift, and tail-risk planning failures.",Generic world models and generic uncertainty are crowded.,Data engine failure stratification keeps action-critical alternatives explicit until a physical observation collapses them.
25,doi:10.21070/ijins.v27i1.1843,Improving Shoe Product Quality Through the New Seven Tools Approach and Failure Mode Effect Analysis (FMEA),2025,Indonesian Journal of Innovation Studies,https://doi.org/10.21070/ijins.v27i1.1843,Addresses robot data engines or a neighboring robotics mechanism.,"Prior work usually predicts, ranks, filters, or imitates observed behavior rather than preserving unrealized branches.",The observed outcome is enough to supervise the model.,"Contact mode support, embodiment limits, and deployment perturbations.","Branch collapse, hidden-mode shift, and tail-risk planning failures.",Generic world models and generic uncertainty are crowded.,Data engine failure stratification keeps action-critical alternatives explicit until a physical observation collapses them.
26,doi:10.1038/s41539-025-00373-8,Motor learning mechanisms are not modified by feedback manipulations in a real-world task,2025,npj Science of Learning,https://doi.org/10.1038/s41539-025-00373-8,Addresses robot data engines or a neighboring robotics mechanism.,"Prior work usually predicts, ranks, filters, or imitates observed behavior rather than preserving unrealized branches.",The observed outcome is enough to supervise the model.,"Contact mode support, embodiment limits, and deployment perturbations.","Branch collapse, hidden-mode shift, and tail-risk planning failures.",Generic world models and generic uncertainty are crowded.,Data engine failure stratification keeps action-critical alternatives explicit until a physical observation collapses them.
27,doi:10.1002/oca.2581,Engine idle speed control using nonlinear multiparametric model predictive control,2020,Optimal Control Applications and Methods,https://doi.org/10.1002/oca.2581,Addresses robot data engines or a neighboring robotics mechanism.,"Prior work usually predicts, ranks, filters, or imitates observed behavior rather than preserving unrealized branches.",The observed outcome is enough to supervise the model.,"Contact mode support, embodiment limits, and deployment perturbations.","Branch collapse, hidden-mode shift, and tail-risk planning failures.",Generic world models and generic uncertainty are crowded.,Data engine failure stratification keeps action-critical alternatives explicit until a physical observation collapses them.
28,doi:10.30574/wjarr.2024.22.3.1740,Navigating challenges in new product development: Strategies for reducing failure rates in the medical device industry,2024,World Journal of Advanced Research and Reviews,https://doi.org/10.30574/wjarr.2024.22.3.1740,Addresses robot data engines or a neighboring robotics mechanism.,"Prior work usually predicts, ranks, filters, or imitates observed behavior rather than preserving unrealized branches.",The observed outcome is enough to supervise the model.,"Contact mode support, embodiment limits, and deployment perturbations.","Branch collapse, hidden-mode shift, and tail-risk planning failures.",Generic world models and generic uncertainty are crowded.,Data engine failure stratification keeps action-critical alternatives explicit until a physical observation collapses them.
29,arxiv:2601.07821v1,Failure-Aware RL: Reliable Offline-to-Online Reinforcement Learning with Self-Recovery for Real-World Manipulation,2026,arXiv,http://arxiv.org/abs/2601.07821v1,Addresses robot data engines or a neighboring robotics mechanism.,"Prior work usually predicts, ranks, filters, or imitates observed behavior rather than preserving unrealized branches.",The observed outcome is enough to supervise the model.,"Contact mode support, embodiment limits, and deployment perturbations.","Branch collapse, hidden-mode shift, and tail-risk planning failures.",Generic world models and generic uncertainty are crowded.,Data engine failure stratification keeps action-critical alternatives explicit until a physical observation collapses them.
30,doi:10.1093/bib/bbad535,ChIP-GPT: a managed large language model for robust data extraction from biomedical database records,2024,Briefings in Bioinformatics,https://doi.org/10.1093/bib/bbad535,Addresses robot data engines or a neighboring robotics mechanism.,"Prior work usually predicts, ranks, filters, or imitates observed behavior rather than preserving unrealized branches.",The observed outcome is enough to supervise the model.,"Contact mode support, embodiment limits, and deployment perturbations.","Branch collapse, hidden-mode shift, and tail-risk planning failures.",Generic world models and generic uncertainty are crowded.,Data engine failure stratification keeps action-critical alternatives explicit until a physical observation collapses them.
31,doi:10.3390/pr9040676,Real-World Failure Prevention Framework for Manufacturing Facilities Using Text Data,2021,Processes,https://doi.org/10.3390/pr9040676,Addresses robot data engines or a neighboring robotics mechanism.,"Prior work usually predicts, ranks, filters, or imitates observed behavior rather than preserving unrealized branches.",The observed outcome is enough to supervise the model.,"Contact mode support, embodiment limits, and deployment perturbations.","Branch collapse, hidden-mode shift, and tail-risk planning failures.",Generic world models and generic uncertainty are crowded.,Data engine failure stratification keeps action-critical alternatives explicit until a physical observation collapses them.
32,doi:10.5527/wjn.v12.i5.182,Heterogeneity in cardiorenal protection by Sodium glucose cotransporter 2 inhibitors in heart failure across the ejection fraction strata: Systematic review and meta-analysis,2023,World Journal of Nephrology,https://doi.org/10.5527/wjn.v12.i5.182,Addresses robot data engines or a neighboring robotics mechanism.,"Prior work usually predicts, ranks, filters, or imitates observed behavior rather than preserving unrealized branches.",The observed outcome is enough to supervise the model.,"Contact mode support, embodiment limits, and deployment perturbations.","Branch collapse, hidden-mode shift, and tail-risk planning failures.",Generic world models and generic uncertainty are crowded.,Data engine failure stratification keeps action-critical alternatives explicit until a physical observation collapses them.
33,doi:10.3748/wjg.v30.i27.3273,"Novel insights into autophagy in gastrointestinal pathologies, mechanisms in metabolic dysfunction-associated fatty liver disease and acute liver failure",2024,World Journal of Gastroenterology,https://doi.org/10.3748/wjg.v30.i27.3273,Addresses robot data engines or a neighboring robotics mechanism.,"Prior work usually predicts, ranks, filters, or imitates observed behavior rather than preserving unrealized branches.",The observed outcome is enough to supervise the model.,"Contact mode support, embodiment limits, and deployment perturbations.","Branch collapse, hidden-mode shift, and tail-risk planning failures.",Generic world models and generic uncertainty are crowded.,Data engine failure stratification keeps action-critical alternatives explicit until a physical observation collapses them.
34,doi:10.1038/s41598-020-59257-z,A data-driven approach to decompose motion data into task-relevant and task-irrelevant components in categorical outcome,2020,Scientific Reports,https://doi.org/10.1038/s41598-020-59257-z,Addresses robot data engines or a neighboring robotics mechanism.,"Prior work usually predicts, ranks, filters, or imitates observed behavior rather than preserving unrealized branches.",The observed outcome is enough to supervise the model.,"Contact mode support, embodiment limits, and deployment perturbations.","Branch collapse, hidden-mode shift, and tail-risk planning failures.",Generic world models and generic uncertainty are crowded.,Data engine failure stratification keeps action-critical alternatives explicit until a physical observation collapses them.
35,doi:10.1038/s41598-019-43558-z,Decomposing motion that changes over time into task-relevant and task-irrelevant components in a data-driven manner: application to motor adaptation in whole-body movements,2019,Scientific Reports,https://doi.org/10.1038/s41598-019-43558-z,Addresses robot data engines or a neighboring robotics mechanism.,"Prior work usually predicts, ranks, filters, or imitates observed behavior rather than preserving unrealized branches.",The observed outcome is enough to supervise the model.,"Contact mode support, embodiment limits, and deployment perturbations.","Branch collapse, hidden-mode shift, and tail-risk planning failures.",Generic world models and generic uncertainty are crowded.,Data engine failure stratification keeps action-critical alternatives explicit until a physical observation collapses them.
36,doi:10.66311/3069-230x.02.02.03,Legal Perspective on New Business Model: Limitation of Minting Process and Integration of Distributed Ledger Technology,2026,"International Review of Business, Trade, and Economics",https://doi.org/10.66311/3069-230x.02.02.03,Addresses robot data engines or a neighboring robotics mechanism.,"Prior work usually predicts, ranks, filters, or imitates observed behavior rather than preserving unrealized branches.",The observed outcome is enough to supervise the model.,"Contact mode support, embodiment limits, and deployment perturbations.","Branch collapse, hidden-mode shift, and tail-risk planning failures.",Generic world models and generic uncertainty are crowded.,Data engine failure stratification keeps action-critical alternatives explicit until a physical observation collapses them.
37,doi:10.1115/1.4054614,Modeling and Real-Time Motion Planning of a Class of Kinematically Redundant Parallel Mechanisms With Reconfigurable Platform,2023,Journal of Mechanisms and Robotics,https://doi.org/10.1115/1.4054614,Addresses robot data engines or a neighboring robotics mechanism.,"Prior work usually predicts, ranks, filters, or imitates observed behavior rather than preserving unrealized branches.",The observed outcome is enough to supervise the model.,"Contact mode support, embodiment limits, and deployment perturbations.","Branch collapse, hidden-mode shift, and tail-risk planning failures.",Generic world models and generic uncertainty are crowded.,Data engine failure stratification keeps action-critical alternatives explicit until a physical observation collapses them.
38,arxiv:2202.06674v2,Learning to Ground Objects for Robot Task and Motion Planning,2022,arXiv,http://arxiv.org/abs/2202.06674v2,Addresses robot data engines or a neighboring robotics mechanism.,"Prior work usually predicts, ranks, filters, or imitates observed behavior rather than preserving unrealized branches.",The observed outcome is enough to supervise the model.,"Contact mode support, embodiment limits, and deployment perturbations.","Branch collapse, hidden-mode shift, and tail-risk planning failures.",Generic world models and generic uncertainty are crowded.,Data engine failure stratification keeps action-critical alternatives explicit until a physical observation collapses them.
39,doi:10.3390/app11167349,Case Study of Expected Loss Failure Mode and Effect Analysis Model Based on Maintenance Data,2021,Applied Sciences,https://doi.org/10.3390/app11167349,Addresses robot data engines or a neighboring robotics mechanism.,"Prior work usually predicts, ranks, filters, or imitates observed behavior rather than preserving unrealized branches.",The observed outcome is enough to supervise the model.,"Contact mode support, embodiment limits, and deployment perturbations.","Branch collapse, hidden-mode shift, and tail-risk planning failures.",Generic world models and generic uncertainty are crowded.,Data engine failure stratification keeps action-critical alternatives explicit until a physical observation collapses them.
40,doi:10.1109/iros58592.2024.10801328,LLM 3 : Large Language Model-based Task and Motion Planning with Motion Failure Reasoning,2024,2024 IEEE/RSJ International Conference on Intelligent Robots and Systems (IROS),https://doi.org/10.1109/iros58592.2024.10801328,Addresses robot data engines or a neighboring robotics mechanism.,"Prior work usually predicts, ranks, filters, or imitates observed behavior rather than preserving unrealized branches.",The observed outcome is enough to supervise the model.,"Contact mode support, embodiment limits, and deployment perturbations.","Branch collapse, hidden-mode shift, and tail-risk planning failures.",Generic world models and generic uncertainty are crowded.,Data engine failure stratification keeps action-critical alternatives explicit until a physical observation collapses them.
41,doi:10.62012/zl.v5i3.42087,Penerapan Metode Failure Mode And Effect Analysis (FMEA) Pada Industri Pelayaran Dalam Mengidentifikasi Potensi Kegagalan Komponen Mesin Induk ( Studi Kasus di Kapal Xyz ) Application of Failure Mode and Effect Analysis (FMEA) Method in the Maritime Industry to Identify Potential Failures in Main Engine Components (Case Study on Vessel Xyz),2024,Zona Laut Jurnal Inovasi Sains Dan Teknologi Kelautan,https://doi.org/10.62012/zl.v5i3.42087,Addresses robot data engines or a neighboring robotics mechanism.,"Prior work usually predicts, ranks, filters, or imitates observed behavior rather than preserving unrealized branches.",The observed outcome is enough to supervise the model.,"Contact mode support, embodiment limits, and deployment perturbations.","Branch collapse, hidden-mode shift, and tail-risk planning failures.",Generic world models and generic uncertainty are crowded.,Data engine failure stratification keeps action-critical alternatives explicit until a physical observation collapses them.
42,doi:10.3126/njs.v3i0.25576,Comparison of Cox Proportional Hazards Model and Lognormal Accelerated Failure Time Model: Application in Time to Event Analysis of Acute Liver Failure Patients in India,2019,Nepalese Journal of Statistics,https://doi.org/10.3126/njs.v3i0.25576,Addresses robot data engines or a neighboring robotics mechanism.,"Prior work usually predicts, ranks, filters, or imitates observed behavior rather than preserving unrealized branches.",The observed outcome is enough to supervise the model.,"Contact mode support, embodiment limits, and deployment perturbations.","Branch collapse, hidden-mode shift, and tail-risk planning failures.",Generic world models and generic uncertainty are crowded.,Data engine failure stratification keeps action-critical alternatives explicit until a physical observation collapses them.
43,arxiv:2409.03299v1,Bringing the RT-1-X Foundation Model to a SCARA robot,2024,arXiv,http://arxiv.org/abs/2409.03299v1,Addresses robot data engines or a neighboring robotics mechanism.,"Prior work usually predicts, ranks, filters, or imitates observed behavior rather than preserving unrealized branches.",The observed outcome is enough to supervise the model.,"Contact mode support, embodiment limits, and deployment perturbations.","Branch collapse, hidden-mode shift, and tail-risk planning failures.",Generic world models and generic uncertainty are crowded.,Data engine failure stratification keeps action-critical alternatives explicit until a physical observation collapses them.
44,doi:10.1002/ehf2.12603,Takotsubo Syndrome in Heart Failure and World Congress on Acute Heart Failure 2019: Highlights From the Experts,2020,ESC Heart Failure,https://doi.org/10.1002/ehf2.12603,Addresses robot data engines or a neighboring robotics mechanism.,"Prior work usually predicts, ranks, filters, or imitates observed behavior rather than preserving unrealized branches.",The observed outcome is enough to supervise the model.,"Contact mode support, embodiment limits, and deployment perturbations.","Branch collapse, hidden-mode shift, and tail-risk planning failures.",Generic world models and generic uncertainty are crowded.,Data engine failure stratification keeps action-critical alternatives explicit until a physical observation collapses them.
45,doi:10.1007/bfb0029241,A new model for the recovery of cylindrical structures from medical image data,1997,Lecture Notes in Computer Science CVRMed-MRCAS'97,https://doi.org/10.1007/bfb0029241,Addresses robot data engines or a neighboring robotics mechanism.,"Prior work usually predicts, ranks, filters, or imitates observed behavior rather than preserving unrealized branches.",The observed outcome is enough to supervise the model.,"Contact mode support, embodiment limits, and deployment perturbations.","Branch collapse, hidden-mode shift, and tail-risk planning failures.",Generic world models and generic uncertainty are crowded.,Data engine failure stratification keeps action-critical alternatives explicit until a physical observation collapses them.
46,doi:10.3390/app15062954,Failure Modes Analysis Related to User Experience in Interactive System Design Through a Fuzzy Failure Mode and Effect Analysis-Based Hybrid Approach,2025,Applied Sciences,https://doi.org/10.3390/app15062954,Addresses robot data engines or a neighboring robotics mechanism.,"Prior work usually predicts, ranks, filters, or imitates observed behavior rather than preserving unrealized branches.",The observed outcome is enough to supervise the model.,"Contact mode support, embodiment limits, and deployment perturbations.","Branch collapse, hidden-mode shift, and tail-risk planning failures.",Generic world models and generic uncertainty are crowded.,Data engine failure stratification keeps action-critical alternatives explicit until a physical observation collapses them.
47,doi:10.2139/ssrn.6167874,Premature Commitment as a Failure Mode in Task Oriented Agents,,,https://doi.org/10.2139/ssrn.6167874,Addresses robot data engines or a neighboring robotics mechanism.,"Prior work usually predicts, ranks, filters, or imitates observed behavior rather than preserving unrealized branches.",The observed outcome is enough to supervise the model.,"Contact mode support, embodiment limits, and deployment perturbations.","Branch collapse, hidden-mode shift, and tail-risk planning failures.",Generic world models and generic uncertainty are crowded.,Data engine failure stratification keeps action-critical alternatives explicit until a physical observation collapses them.
48,arxiv:2412.14058v4,What Matters in Building Vision-Language-Action Models for Generalist Robots,2024,arXiv,http://arxiv.org/abs/2412.14058v4,Addresses robot data engines or a neighboring robotics mechanism.,"Prior work usually predicts, ranks, filters, or imitates observed behavior rather than preserving unrealized branches.",The observed outcome is enough to supervise the model.,"Contact mode support, embodiment limits, and deployment perturbations.","Branch collapse, hidden-mode shift, and tail-risk planning failures.",Generic world models and generic uncertainty are crowded.,Data engine failure stratification keeps action-critical alternatives explicit until a physical observation collapses them.
49,arxiv:2107.09822v3,Bayesian Controller Fusion: Leveraging Control Priors in Deep Reinforcement Learning for Robotics,2021,arXiv,http://arxiv.org/abs/2107.09822v3,Addresses robot data engines or a neighboring robotics mechanism.,"Prior work usually predicts, ranks, filters, or imitates observed behavior rather than preserving unrealized branches.",The observed outcome is enough to supervise the model.,"Contact mode support, embodiment limits, and deployment perturbations.","Branch collapse, hidden-mode shift, and tail-risk planning failures.",Generic world models and generic uncertainty are crowded.,Data engine failure stratification keeps action-critical alternatives explicit until a physical observation collapses them.
50,doi:10.1108/josm-07-2024-0323,How task objectivity shapes customer responses to robot service failure,2025,Journal of Service Management,https://doi.org/10.1108/josm-07-2024-0323,Addresses robot data engines or a neighboring robotics mechanism.,"Prior work usually predicts, ranks, filters, or imitates observed behavior rather than preserving unrealized branches.",The observed outcome is enough to supervise the model.,"Contact mode support, embodiment limits, and deployment perturbations.","Branch collapse, hidden-mode shift, and tail-risk planning failures.",Generic world models and generic uncertainty are crowded.,Data engine failure stratification keeps action-critical alternatives explicit until a physical observation collapses them.
51,doi:10.3390/a17030113,Evaluation of Neural Network Effectiveness on Sliding Mode Control of Delta Robot for Trajectory Tracking,2024,Algorithms,https://doi.org/10.3390/a17030113,Addresses robot data engines or a neighboring robotics mechanism.,"Prior work usually predicts, ranks, filters, or imitates observed behavior rather than preserving unrealized branches.",The observed outcome is enough to supervise the model.,"Contact mode support, embodiment limits, and deployment perturbations.","Branch collapse, hidden-mode shift, and tail-risk planning failures.",Generic world models and generic uncertainty are crowded.,Data engine failure stratification keeps action-critical alternatives explicit until a physical observation collapses them.
52,doi:10.1016/j.ifacol.2021.04.076,Human-Robot Collaboration Multi-objective Disassembly Line Balancing Subject to Task Failure via Multi-objective Artificial Bee Colony Algorithm,2020,IFAC-PapersOnLine,https://doi.org/10.1016/j.ifacol.2021.04.076,Addresses robot data engines or a neighboring robotics mechanism.,"Prior work usually predicts, ranks, filters, or imitates observed behavior rather than preserving unrealized branches.",The observed outcome is enough to supervise the model.,"Contact mode support, embodiment limits, and deployment perturbations.","Branch collapse, hidden-mode shift, and tail-risk planning failures.",Generic world models and generic uncertainty are crowded.,Data engine failure stratification keeps action-critical alternatives explicit until a physical observation collapses them.
53,arxiv:2506.17036v2,Bayesian Joint Model of Multi-Sensor and Failure Event Data for Multi-Mode Failure Prediction,2025,arXiv,http://arxiv.org/abs/2506.17036v2,Addresses robot data engines or a neighboring robotics mechanism.,"Prior work usually predicts, ranks, filters, or imitates observed behavior rather than preserving unrealized branches.",The observed outcome is enough to supervise the model.,"Contact mode support, embodiment limits, and deployment perturbations.","Branch collapse, hidden-mode shift, and tail-risk planning failures.",Generic world models and generic uncertainty are crowded.,Data engine failure stratification keeps action-critical alternatives explicit until a physical observation collapses them.
54,doi:10.18196/jrc.v4i6.18650,A New Method for Improving the Fairness of Multi-Robot Task Allocation by Balancing the Distribution of Tasks,2023,Journal of Robotics and Control (JRC),https://doi.org/10.18196/jrc.v4i6.18650,Addresses robot data engines or a neighboring robotics mechanism.,"Prior work usually predicts, ranks, filters, or imitates observed behavior rather than preserving unrealized branches.",The observed outcome is enough to supervise the model.,"Contact mode support, embodiment limits, and deployment perturbations.","Branch collapse, hidden-mode shift, and tail-risk planning failures.",Generic world models and generic uncertainty are crowded.,Data engine failure stratification keeps action-critical alternatives explicit until a physical observation collapses them.
55,doi:10.2118/96334-ms,Risk Minimisation by the Use of Failure Mode Analysis in the Qualification of New Technology,2005,SPE Offshore Europe Oil and Gas Exhibition and Conference,https://doi.org/10.2118/96334-ms,Addresses robot data engines or a neighboring robotics mechanism.,"Prior work usually predicts, ranks, filters, or imitates observed behavior rather than preserving unrealized branches.",The observed outcome is enough to supervise the model.,"Contact mode support, embodiment limits, and deployment perturbations.","Branch collapse, hidden-mode shift, and tail-risk planning failures.",Generic world models and generic uncertainty are crowded.,Data engine failure stratification keeps action-critical alternatives explicit until a physical observation collapses them.
56,doi:10.33140/jeee.03.02.03,The Errors in the Foundation of the “Standard Model” theory and the “New Model”,2024,Journal of Electrical Electronics Engineering,https://doi.org/10.33140/jeee.03.02.03,Addresses robot data engines or a neighboring robotics mechanism.,"Prior work usually predicts, ranks, filters, or imitates observed behavior rather than preserving unrealized branches.",The observed outcome is enough to supervise the model.,"Contact mode support, embodiment limits, and deployment perturbations.","Branch collapse, hidden-mode shift, and tail-risk planning failures.",Generic world models and generic uncertainty are crowded.,Data engine failure stratification keeps action-critical alternatives explicit until a physical observation collapses them.
57,arxiv:2307.02862v2,A Critical Look at the Current Usage of Foundation Model for Dense Recognition Task,2023,arXiv,http://arxiv.org/abs/2307.02862v2,Addresses robot data engines or a neighboring robotics mechanism.,"Prior work usually predicts, ranks, filters, or imitates observed behavior rather than preserving unrealized branches.",The observed outcome is enough to supervise the model.,"Contact mode support, embodiment limits, and deployment perturbations.","Branch collapse, hidden-mode shift, and tail-risk planning failures.",Generic world models and generic uncertainty are crowded.,Data engine failure stratification keeps action-critical alternatives explicit until a physical observation collapses them.
58,arxiv:2512.19178v1,Vision-Language-Policy Model for Dynamic Robot Task Planning,2025,arXiv,http://arxiv.org/abs/2512.19178v1,Addresses robot data engines or a neighboring robotics mechanism.,"Prior work usually predicts, ranks, filters, or imitates observed behavior rather than preserving unrealized branches.",The observed outcome is enough to supervise the model.,"Contact mode support, embodiment limits, and deployment perturbations.","Branch collapse, hidden-mode shift, and tail-risk planning failures.",Generic world models and generic uncertainty are crowded.,Data engine failure stratification keeps action-critical alternatives explicit until a physical observation collapses them.
59,arxiv:2507.07620v4,ViLU: Learning Vision-Language Uncertainties for Failure Prediction,2025,arXiv,http://arxiv.org/abs/2507.07620v4,Addresses robot data engines or a neighboring robotics mechanism.,"Prior work usually predicts, ranks, filters, or imitates observed behavior rather than preserving unrealized branches.",The observed outcome is enough to supervise the model.,"Contact mode support, embodiment limits, and deployment perturbations.","Branch collapse, hidden-mode shift, and tail-risk planning failures.",Generic world models and generic uncertainty are crowded.,Data engine failure stratification keeps action-critical alternatives explicit until a physical observation collapses them.
60,arxiv:2511.12149v1,AttackVLA: Benchmarking Adversarial and Backdoor Attacks on Vision-Language-Action Models,2025,arXiv,http://arxiv.org/abs/2511.12149v1,Addresses robot data engines or a neighboring robotics mechanism.,"Prior work usually predicts, ranks, filters, or imitates observed behavior rather than preserving unrealized branches.",The observed outcome is enough to supervise the model.,"Contact mode support, embodiment limits, and deployment perturbations.","Branch collapse, hidden-mode shift, and tail-risk planning failures.",Generic world models and generic uncertainty are crowded.,Data engine failure stratification keeps action-critical alternatives explicit until a physical observation collapses them.
61,doi:10.1115/dscc2020-3210,An Online Transfer Learning Approach for Identification and Predictive Control Design With Application to RCCI Engines,2020,Volume 1: Adaptive/Intelligent Sys. Control; Driver Assistance/Autonomous Tech.; Control Design Methods; Nonlinear Control; Robotics; Assistive/Rehabilitation Devices; Biomedical/Neural Systems; Building Energy Systems; Connected Vehicle Systems; Control/Estimation of Energy Systems; Control Apps.; Smart Buildings/Microgrids; Education; Human-Robot Systems; Soft Mechatronics/Robotic Components/Systems; Energy/Power Systems; Energy Storage; Estimation/Identification; Vehicle Efficiency/Emissions,https://doi.org/10.1115/dscc2020-3210,Addresses robot data engines or a neighboring robotics mechanism.,"Prior work usually predicts, ranks, filters, or imitates observed behavior rather than preserving unrealized branches.",The observed outcome is enough to supervise the model.,"Contact mode support, embodiment limits, and deployment perturbations.","Branch collapse, hidden-mode shift, and tail-risk planning failures.",Generic world models and generic uncertainty are crowded.,Data engine failure stratification keeps action-critical alternatives explicit until a physical observation collapses them.
62,doi:10.3390/en17194802,A New Method of Failure Mode and Severity Effects Analysis for Hydrogen-Fueled Combustion Systems,2024,Energies,https://doi.org/10.3390/en17194802,Addresses robot data engines or a neighboring robotics mechanism.,"Prior work usually predicts, ranks, filters, or imitates observed behavior rather than preserving unrealized branches.",The observed outcome is enough to supervise the model.,"Contact mode support, embodiment limits, and deployment perturbations.","Branch collapse, hidden-mode shift, and tail-risk planning failures.",Generic world models and generic uncertainty are crowded.,Data engine failure stratification keeps action-critical alternatives explicit until a physical observation collapses them.
63,doi:10.3390/math14091566,"A New One-Parameter Model Supports an Upside-Down Bathtub Failure Rate: Theory, Inference, and Real-World Applications",2026,Mathematics,https://doi.org/10.3390/math14091566,Addresses robot data engines or a neighboring robotics mechanism.,"Prior work usually predicts, ranks, filters, or imitates observed behavior rather than preserving unrealized branches.",The observed outcome is enough to supervise the model.,"Contact mode support, embodiment limits, and deployment perturbations.","Branch collapse, hidden-mode shift, and tail-risk planning failures.",Generic world models and generic uncertainty are crowded.,Data engine failure stratification keeps action-critical alternatives explicit until a physical observation collapses them.
64,doi:10.66967/jaics.2026.v2i103,Multimodal AI: PaLM-E’s Role in Vision–Language–Robotics & the Future of Efficient Fine-Tuning,2026,Journal of Artificial Intelligence & Control Systems,https://doi.org/10.66967/jaics.2026.v2i103,Addresses robot data engines or a neighboring robotics mechanism.,"Prior work usually predicts, ranks, filters, or imitates observed behavior rather than preserving unrealized branches.",The observed outcome is enough to supervise the model.,"Contact mode support, embodiment limits, and deployment perturbations.","Branch collapse, hidden-mode shift, and tail-risk planning failures.",Generic world models and generic uncertainty are crowded.,Data engine failure stratification keeps action-critical alternatives explicit until a physical observation collapses them.
65,doi:10.1142/s0219843622500128,International Art Design Talents-oriented New Training Mode Using Human–Computer Interaction based on Artificial Intelligence,2023,International Journal of Humanoid Robotics,https://doi.org/10.1142/s0219843622500128,Addresses robot data engines or a neighboring robotics mechanism.,"Prior work usually predicts, ranks, filters, or imitates observed behavior rather than preserving unrealized branches.",The observed outcome is enough to supervise the model.,"Contact mode support, embodiment limits, and deployment perturbations.","Branch collapse, hidden-mode shift, and tail-risk planning failures.",Generic world models and generic uncertainty are crowded.,Data engine failure stratification keeps action-critical alternatives explicit until a physical observation collapses them.
66,doi:10.1115/1.4070150,Trajectory Tracking of Robot Manipulators by a New Chattering-Reduced Sliding Mode Controller,2026,"Journal of Dynamic Systems, Measurement, and Control",https://doi.org/10.1115/1.4070150,Addresses robot data engines or a neighboring robotics mechanism.,"Prior work usually predicts, ranks, filters, or imitates observed behavior rather than preserving unrealized branches.",The observed outcome is enough to supervise the model.,"Contact mode support, embodiment limits, and deployment perturbations.","Branch collapse, hidden-mode shift, and tail-risk planning failures.",Generic world models and generic uncertainty are crowded.,Data engine failure stratification keeps action-critical alternatives explicit until a physical observation collapses them.
67,doi:10.1609/aaai.v39i25.34874,Temporal Task and Motion Planning with Metric Time for Multiple Object Navigation,2025,Proceedings of the AAAI Conference on Artificial Intelligence,https://doi.org/10.1609/aaai.v39i25.34874,Addresses robot data engines or a neighboring robotics mechanism.,"Prior work usually predicts, ranks, filters, or imitates observed behavior rather than preserving unrealized branches.",The observed outcome is enough to supervise the model.,"Contact mode support, embodiment limits, and deployment perturbations.","Branch collapse, hidden-mode shift, and tail-risk planning failures.",Generic world models and generic uncertainty are crowded.,Data engine failure stratification keeps action-critical alternatives explicit until a physical observation collapses them.
68,doi:10.3389/fdgth.2026.1730457,Designing and evaluating large language model-enabled clinical decision support for heart failure: a modular and risk-tiered framework,2026,Frontiers in Digital Health,https://doi.org/10.3389/fdgth.2026.1730457,Addresses robot data engines or a neighboring robotics mechanism.,"Prior work usually predicts, ranks, filters, or imitates observed behavior rather than preserving unrealized branches.",The observed outcome is enough to supervise the model.,"Contact mode support, embodiment limits, and deployment perturbations.","Branch collapse, hidden-mode shift, and tail-risk planning failures.",Generic world models and generic uncertainty are crowded.,Data engine failure stratification keeps action-critical alternatives explicit until a physical observation collapses them.
69,arxiv:2203.15107v1,Motion Planning for Agile Legged Locomotion using Failure Margin Constraints,2022,arXiv,http://arxiv.org/abs/2203.15107v1,Addresses robot data engines or a neighboring robotics mechanism.,"Prior work usually predicts, ranks, filters, or imitates observed behavior rather than preserving unrealized branches.",The observed outcome is enough to supervise the model.,"Contact mode support, embodiment limits, and deployment perturbations.","Branch collapse, hidden-mode shift, and tail-risk planning failures.",Generic world models and generic uncertainty are crowded.,Data engine failure stratification keeps action-critical alternatives explicit until a physical observation collapses them.
70,doi:10.15607/rss.2025.xxi.073,Can We Detect Failures Without Failure Data? Uncertainty-Aware Runtime Failure Detection for Imitation Learning Policies,2025,,https://doi.org/10.15607/rss.2025.xxi.073,Addresses robot data engines or a neighboring robotics mechanism.,"Prior work usually predicts, ranks, filters, or imitates observed behavior rather than preserving unrealized branches.",The observed outcome is enough to supervise the model.,"Contact mode support, embodiment limits, and deployment perturbations.","Branch collapse, hidden-mode shift, and tail-risk planning failures.",Generic world models and generic uncertainty are crowded.,Data engine failure stratification keeps action-critical alternatives explicit until a physical observation collapses them.
71,doi:10.4271/2019-01-1289,Use of Machine Learning for Real-Time Non-Linear Model Predictive Engine Control,2019,SAE Technical Paper Series,https://doi.org/10.4271/2019-01-1289,Addresses robot data engines or a neighboring robotics mechanism.,"Prior work usually predicts, ranks, filters, or imitates observed behavior rather than preserving unrealized branches.",The observed outcome is enough to supervise the model.,"Contact mode support, embodiment limits, and deployment perturbations.","Branch collapse, hidden-mode shift, and tail-risk planning failures.",Generic world models and generic uncertainty are crowded.,Data engine failure stratification keeps action-critical alternatives explicit until a physical observation collapses them.
72,doi:10.37665/smjpkqs49883,"Bismuth Induced Phase Transformation: New Failure Mode for Tin-Based Solder Alloys with Bismuth, Copper and Nickel",2021,SMTA International,https://doi.org/10.37665/smjpkqs49883,Addresses robot data engines or a neighboring robotics mechanism.,"Prior work usually predicts, ranks, filters, or imitates observed behavior rather than preserving unrealized branches.",The observed outcome is enough to supervise the model.,"Contact mode support, embodiment limits, and deployment perturbations.","Branch collapse, hidden-mode shift, and tail-risk planning failures.",Generic world models and generic uncertainty are crowded.,Data engine failure stratification keeps action-critical alternatives explicit until a physical observation collapses them.
73,title:interactive task learning humans robots and agents acquiring new tasks through natural interactions,"Interactive Task Learning : Humans, Robots, and Agents Acquiring New Tasks through Natural Interactions",2019,MIT Press eBooks,https://openalex.org/W3182006211,Addresses robot data engines or a neighboring robotics mechanism.,"Prior work usually predicts, ranks, filters, or imitates observed behavior rather than preserving unrealized branches.",The observed outcome is enough to supervise the model.,"Contact mode support, embodiment limits, and deployment perturbations.","Branch collapse, hidden-mode shift, and tail-risk planning failures.",Generic world models and generic uncertainty are crowded.,Data engine failure stratification keeps action-critical alternatives explicit until a physical observation collapses them.
74,doi:10.1109/tem.2019.2937579,A New Model for Failure Mode and Effects Analysis Based on k -Means Clustering Within Hesitant Linguistic Environment,2022,IEEE Transactions on Engineering Management,https://doi.org/10.1109/tem.2019.2937579,Addresses robot data engines or a neighboring robotics mechanism.,"Prior work usually predicts, ranks, filters, or imitates observed behavior rather than preserving unrealized branches.",The observed outcome is enough to supervise the model.,"Contact mode support, embodiment limits, and deployment perturbations.","Branch collapse, hidden-mode shift, and tail-risk planning failures.",Generic world models and generic uncertainty are crowded.,Data engine failure stratification keeps action-critical alternatives explicit until a physical observation collapses them.
75,doi:10.2118/218439-ms,Exploration Robot Chat: Uncovering Decades of Exploration Knowledge and Data with Conversational Large Language Models,2024,SPE Norway Subsurface Conference,https://doi.org/10.2118/218439-ms,Addresses robot data engines or a neighboring robotics mechanism.,"Prior work usually predicts, ranks, filters, or imitates observed behavior rather than preserving unrealized branches.",The observed outcome is enough to supervise the model.,"Contact mode support, embodiment limits, and deployment perturbations.","Branch collapse, hidden-mode shift, and tail-risk planning failures.",Generic world models and generic uncertainty are crowded.,Data engine failure stratification keeps action-critical alternatives explicit until a physical observation collapses them.
76,doi:10.30574/wjarr.2024.21.3.0765,A case study of BYJU’S failure,2024,World Journal of Advanced Research and Reviews,https://doi.org/10.30574/wjarr.2024.21.3.0765,Addresses robot data engines or a neighboring robotics mechanism.,"Prior work usually predicts, ranks, filters, or imitates observed behavior rather than preserving unrealized branches.",The observed outcome is enough to supervise the model.,"Contact mode support, embodiment limits, and deployment perturbations.","Branch collapse, hidden-mode shift, and tail-risk planning failures.",Generic world models and generic uncertainty are crowded.,Data engine failure stratification keeps action-critical alternatives explicit until a physical observation collapses them.
77,doi:10.1109/tfuzz.2019.2955916,A New Model for Failure Mode and Effect Analysis Integrating Linguistic Z-Numbers and Projection Method,2021,IEEE Transactions on Fuzzy Systems,https://doi.org/10.1109/tfuzz.2019.2955916,Addresses robot data engines or a neighboring robotics mechanism.,"Prior work usually predicts, ranks, filters, or imitates observed behavior rather than preserving unrealized branches.",The observed outcome is enough to supervise the model.,"Contact mode support, embodiment limits, and deployment perturbations.","Branch collapse, hidden-mode shift, and tail-risk planning failures.",Generic world models and generic uncertainty are crowded.,Data engine failure stratification keeps action-critical alternatives explicit until a physical observation collapses them.
78,doi:10.1109/lra.2023.3292581,Evaluating the Task Generalization of Temporal Convolutional Networks for Surgical Gesture and Motion Recognition Using Kinematic Data,2023,IEEE Robotics and Automation Letters,https://doi.org/10.1109/lra.2023.3292581,Addresses robot data engines or a neighboring robotics mechanism.,"Prior work usually predicts, ranks, filters, or imitates observed behavior rather than preserving unrealized branches.",The observed outcome is enough to supervise the model.,"Contact mode support, embodiment limits, and deployment perturbations.","Branch collapse, hidden-mode shift, and tail-risk planning failures.",Generic world models and generic uncertainty are crowded.,Data engine failure stratification keeps action-critical alternatives explicit until a physical observation collapses them.
79,doi:10.3390/app16063051,An Investigation into Uncertainty Quantification of Shallow Foundation Failure Mechanisms in Horizontally Stratified Layered Soil Strata,2026,Applied Sciences,https://doi.org/10.3390/app16063051,Addresses robot data engines or a neighboring robotics mechanism.,"Prior work usually predicts, ranks, filters, or imitates observed behavior rather than preserving unrealized branches.",The observed outcome is enough to supervise the model.,"Contact mode support, embodiment limits, and deployment perturbations.","Branch collapse, hidden-mode shift, and tail-risk planning failures.",Generic world models and generic uncertainty are crowded.,Data engine failure stratification keeps action-critical alternatives explicit until a physical observation collapses them.
80,doi:10.1177/02783649211038280,"Representation, learning, and planning algorithms for geometric task and motion planning",2022,The International Journal of Robotics Research,https://doi.org/10.1177/02783649211038280,Addresses robot data engines or a neighboring robotics mechanism.,"Prior work usually predicts, ranks, filters, or imitates observed behavior rather than preserving unrealized branches.",The observed outcome is enough to supervise the model.,"Contact mode support, embodiment limits, and deployment perturbations.","Branch collapse, hidden-mode shift, and tail-risk planning failures.",Generic world models and generic uncertainty are crowded.,Data engine failure stratification keeps action-critical alternatives explicit until a physical observation collapses them.
81,doi:10.1002/qre.1753,New Failure Mode and Effects Analysis: An Evidential Downscaling Method,2016,Quality and Reliability Engineering International,https://doi.org/10.1002/qre.1753,Addresses robot data engines or a neighboring robotics mechanism.,"Prior work usually predicts, ranks, filters, or imitates observed behavior rather than preserving unrealized branches.",The observed outcome is enough to supervise the model.,"Contact mode support, embodiment limits, and deployment perturbations.","Branch collapse, hidden-mode shift, and tail-risk planning failures.",Generic world models and generic uncertainty are crowded.,Data engine failure stratification keeps action-critical alternatives explicit until a physical observation collapses them.
82,doi:10.54660/.ijmrge.2024.5.1.1388-1394,Leveraging Foundation Models in Robotics: Transforming Task Planning and Contextual Execution,2024,International Journal of Multidisciplinary Research and Growth Evaluation,https://doi.org/10.54660/.ijmrge.2024.5.1.1388-1394,Addresses robot data engines or a neighboring robotics mechanism.,"Prior work usually predicts, ranks, filters, or imitates observed behavior rather than preserving unrealized branches.",The observed outcome is enough to supervise the model.,"Contact mode support, embodiment limits, and deployment perturbations.","Branch collapse, hidden-mode shift, and tail-risk planning failures.",Generic world models and generic uncertainty are crowded.,Data engine failure stratification keeps action-critical alternatives explicit until a physical observation collapses them.
83,doi:10.1068/b240573,"Success, Failure, and Conformance: An Alternative Approach to Planning Evaluation",1997,Environment and Planning B: Planning and Design,https://doi.org/10.1068/b240573,Addresses robot data engines or a neighboring robotics mechanism.,"Prior work usually predicts, ranks, filters, or imitates observed behavior rather than preserving unrealized branches.",The observed outcome is enough to supervise the model.,"Contact mode support, embodiment limits, and deployment perturbations.","Branch collapse, hidden-mode shift, and tail-risk planning failures.",Generic world models and generic uncertainty are crowded.,Data engine failure stratification keeps action-critical alternatives explicit until a physical observation collapses them.
84,arxiv:2510.00742v3,How Foundational are Foundation Models for Time Series Forecasting?,2025,arXiv,http://arxiv.org/abs/2510.00742v3,Addresses robot data engines or a neighboring robotics mechanism.,"Prior work usually predicts, ranks, filters, or imitates observed behavior rather than preserving unrealized branches.",The observed outcome is enough to supervise the model.,"Contact mode support, embodiment limits, and deployment perturbations.","Branch collapse, hidden-mode shift, and tail-risk planning failures.",Generic world models and generic uncertainty are crowded.,Data engine failure stratification keeps action-critical alternatives explicit until a physical observation collapses them.
85,arxiv:2507.16713v2,A Pragmatist Robot: Learning to Plan Tasks by Experiencing the Real World,2025,arXiv,http://arxiv.org/abs/2507.16713v2,Addresses robot data engines or a neighboring robotics mechanism.,"Prior work usually predicts, ranks, filters, or imitates observed behavior rather than preserving unrealized branches.",The observed outcome is enough to supervise the model.,"Contact mode support, embodiment limits, and deployment perturbations.","Branch collapse, hidden-mode shift, and tail-risk planning failures.",Generic world models and generic uncertainty are crowded.,Data engine failure stratification keeps action-critical alternatives explicit until a physical observation collapses them.
86,doi:10.1101/2024.04.10.588812,Motor Learning Mechanisms are not modified by Feedback Manipulations in a Real-World Task,,,https://doi.org/10.1101/2024.04.10.588812,Addresses robot data engines or a neighboring robotics mechanism.,"Prior work usually predicts, ranks, filters, or imitates observed behavior rather than preserving unrealized branches.",The observed outcome is enough to supervise the model.,"Contact mode support, embodiment limits, and deployment perturbations.","Branch collapse, hidden-mode shift, and tail-risk planning failures.",Generic world models and generic uncertainty are crowded.,Data engine failure stratification keeps action-critical alternatives explicit until a physical observation collapses them.
87,doi:10.1016/j.engfailanal.2024.108160,Data-driven crack image-based seismic failure mode identification for damaged RC columns,2024,Engineering Failure Analysis,https://doi.org/10.1016/j.engfailanal.2024.108160,Addresses robot data engines or a neighboring robotics mechanism.,"Prior work usually predicts, ranks, filters, or imitates observed behavior rather than preserving unrealized branches.",The observed outcome is enough to supervise the model.,"Contact mode support, embodiment limits, and deployment perturbations.","Branch collapse, hidden-mode shift, and tail-risk planning failures.",Generic world models and generic uncertainty are crowded.,Data engine failure stratification keeps action-critical alternatives explicit until a physical observation collapses them.
88,doi:10.1016/j.engfailanal.2024.108161,Model test on failure mechanisms of deep high-stress soft rock roadways based on excavation compensation method,2024,Engineering Failure Analysis,https://doi.org/10.1016/j.engfailanal.2024.108161,Addresses robot data engines or a neighboring robotics mechanism.,"Prior work usually predicts, ranks, filters, or imitates observed behavior rather than preserving unrealized branches.",The observed outcome is enough to supervise the model.,"Contact mode support, embodiment limits, and deployment perturbations.","Branch collapse, hidden-mode shift, and tail-risk planning failures.",Generic world models and generic uncertainty are crowded.,Data engine failure stratification keeps action-critical alternatives explicit until a physical observation collapses them.
89,doi:10.1145/3644116.3644294,"ZhongJing: A Locally Deployed Large Language Model for Traditional Chinese Medicine and Corresponding Evaluation Methodology: A Large Language Model for data fine-tuning in the field of Traditional Chinese Medicine, and a new evaluation method called TCMEval are proposed",2023,Proceedings of the 2023 4th International Symposium on Artificial Intelligence for Medicine Science,https://doi.org/10.1145/3644116.3644294,Addresses robot data engines or a neighboring robotics mechanism.,"Prior work usually predicts, ranks, filters, or imitates observed behavior rather than preserving unrealized branches.",The observed outcome is enough to supervise the model.,"Contact mode support, embodiment limits, and deployment perturbations.","Branch collapse, hidden-mode shift, and tail-risk planning failures.",Generic world models and generic uncertainty are crowded.,Data engine failure stratification keeps action-critical alternatives explicit until a physical observation collapses them.
90,doi:10.1016/j.ijcard.2019.03.013,"Risk prediction model for long-term heart failure incidence after epirubicin chemotherapy for breast cancer – A real-world data-based, nationwide classification analysis",2019,International Journal of Cardiology,https://doi.org/10.1016/j.ijcard.2019.03.013,Addresses robot data engines or a neighboring robotics mechanism.,"Prior work usually predicts, ranks, filters, or imitates observed behavior rather than preserving unrealized branches.",The observed outcome is enough to supervise the model.,"Contact mode support, embodiment limits, and deployment perturbations.","Branch collapse, hidden-mode shift, and tail-risk planning failures.",Generic world models and generic uncertainty are crowded.,Data engine failure stratification keeps action-critical alternatives explicit until a physical observation collapses them.
91,doi:10.3389/fmicb.2022.846890,Community Interaction Co-limitation: Nutrient Limitation in a Marine Microbial Community Context,2022,Frontiers in Microbiology,https://doi.org/10.3389/fmicb.2022.846890,Addresses robot data engines or a neighboring robotics mechanism.,"Prior work usually predicts, ranks, filters, or imitates observed behavior rather than preserving unrealized branches.",The observed outcome is enough to supervise the model.,"Contact mode support, embodiment limits, and deployment perturbations.","Branch collapse, hidden-mode shift, and tail-risk planning failures.",Generic world models and generic uncertainty are crowded.,Data engine failure stratification keeps action-critical alternatives explicit until a physical observation collapses them.
92,doi:10.1016/j.cma.2021.113728,A new peridynamic mixed-mode bond failure model for interface delamination and homogeneous materials fracture analysis,2021,Computer Methods in Applied Mechanics and Engineering,https://doi.org/10.1016/j.cma.2021.113728,Addresses robot data engines or a neighboring robotics mechanism.,"Prior work usually predicts, ranks, filters, or imitates observed behavior rather than preserving unrealized branches.",The observed outcome is enough to supervise the model.,"Contact mode support, embodiment limits, and deployment perturbations.","Branch collapse, hidden-mode shift, and tail-risk planning failures.",Generic world models and generic uncertainty are crowded.,Data engine failure stratification keeps action-critical alternatives explicit until a physical observation collapses them.
93,doi:10.1609/icaps.v34i1.31506,SayNav: Grounding Large Language Models for Dynamic Planning to Navigation in New Environments,2024,Proceedings of the International Conference on Automated Planning and Scheduling,https://doi.org/10.1609/icaps.v34i1.31506,Addresses robot data engines or a neighboring robotics mechanism.,"Prior work usually predicts, ranks, filters, or imitates observed behavior rather than preserving unrealized branches.",The observed outcome is enough to supervise the model.,"Contact mode support, embodiment limits, and deployment perturbations.","Branch collapse, hidden-mode shift, and tail-risk planning failures.",Generic world models and generic uncertainty are crowded.,Data engine failure stratification keeps action-critical alternatives explicit until a physical observation collapses them.
94,doi:10.30574/wjaets.2025.15.1.0237,Blending data and expert knowledge in causal AI: A new paradigm for intelligent systems,2025,World Journal of Advanced Engineering Technology and Sciences,https://doi.org/10.30574/wjaets.2025.15.1.0237,Addresses robot data engines or a neighboring robotics mechanism.,"Prior work usually predicts, ranks, filters, or imitates observed behavior rather than preserving unrealized branches.",The observed outcome is enough to supervise the model.,"Contact mode support, embodiment limits, and deployment perturbations.","Branch collapse, hidden-mode shift, and tail-risk planning failures.",Generic world models and generic uncertainty are crowded.,Data engine failure stratification keeps action-critical alternatives explicit until a physical observation collapses them.
95,doi:10.21203/rs.3.rs-3866264/v3,A new objective diagnostic method for CHF that lays the foundation for objective classification and precision medicine for chronic heart failure,,,https://doi.org/10.21203/rs.3.rs-3866264/v3,Addresses robot data engines or a neighboring robotics mechanism.,"Prior work usually predicts, ranks, filters, or imitates observed behavior rather than preserving unrealized branches.",The observed outcome is enough to supervise the model.,"Contact mode support, embodiment limits, and deployment perturbations.","Branch collapse, hidden-mode shift, and tail-risk planning failures.",Generic world models and generic uncertainty are crowded.,Data engine failure stratification keeps action-critical alternatives explicit until a physical observation collapses them.
96,doi:10.21203/rs.3.rs-3866264/v2,A new objective diagnostic method for CHF that lays the foundation for objective classification and precision medicine for chronic heart failure,,,https://doi.org/10.21203/rs.3.rs-3866264/v2,Addresses robot data engines or a neighboring robotics mechanism.,"Prior work usually predicts, ranks, filters, or imitates observed behavior rather than preserving unrealized branches.",The observed outcome is enough to supervise the model.,"Contact mode support, embodiment limits, and deployment perturbations.","Branch collapse, hidden-mode shift, and tail-risk planning failures.",Generic world models and generic uncertainty are crowded.,Data engine failure stratification keeps action-critical alternatives explicit until a physical observation collapses them.
97,doi:10.21203/rs.3.rs-3866264/v1,A new objective diagnostic method for CHF that lays the foundation for objective classification and precision medicine for chronic heart failure,,,https://doi.org/10.21203/rs.3.rs-3866264/v1,Addresses robot data engines or a neighboring robotics mechanism.,"Prior work usually predicts, ranks, filters, or imitates observed behavior rather than preserving unrealized branches.",The observed outcome is enough to supervise the model.,"Contact mode support, embodiment limits, and deployment perturbations.","Branch collapse, hidden-mode shift, and tail-risk planning failures.",Generic world models and generic uncertainty are crowded.,Data engine failure stratification keeps action-critical alternatives explicit until a physical observation collapses them.
98,arxiv:2102.08080v1,Learning the Noise of Failure: Intelligent System Tests for Robots,2021,arXiv,http://arxiv.org/abs/2102.08080v1,Addresses robot data engines or a neighboring robotics mechanism.,"Prior work usually predicts, ranks, filters, or imitates observed behavior rather than preserving unrealized branches.",The observed outcome is enough to supervise the model.,"Contact mode support, embodiment limits, and deployment perturbations.","Branch collapse, hidden-mode shift, and tail-risk planning failures.",Generic world models and generic uncertainty are crowded.,Data engine failure stratification keeps action-critical alternatives explicit until a physical observation collapses them.
99,doi:10.1007/s10741-024-10471-1,Sacubitril/valsartan in a wide spectrum of heart failure patients (from mechanisms of action to outcomes in specific populations),2025,Heart Failure Reviews,https://doi.org/10.1007/s10741-024-10471-1,Addresses robot data engines or a neighboring robotics mechanism.,"Prior work usually predicts, ranks, filters, or imitates observed behavior rather than preserving unrealized branches.",The observed outcome is enough to supervise the model.,"Contact mode support, embodiment limits, and deployment perturbations.","Branch collapse, hidden-mode shift, and tail-risk planning failures.",Generic world models and generic uncertainty are crowded.,Data engine failure stratification keeps action-critical alternatives explicit until a physical observation collapses them.
100,doi:10.4018/979-8-3693-3860-5.ch010,Data Ethics and Privacy,2024,Advances in Computational Intelligence and Robotics Challenges in Large Language Model Development and AI Ethics,https://doi.org/10.4018/979-8-3693-3860-5.ch010,Addresses robot data engines or a neighboring robotics mechanism.,"Prior work usually predicts, ranks, filters, or imitates observed behavior rather than preserving unrealized branches.",The observed outcome is enough to supervise the model.,"Contact mode support, embodiment limits, and deployment perturbations.","Branch collapse, hidden-mode shift, and tail-risk planning failures.",Generic world models and generic uncertainty are crowded.,Data engine failure stratification keeps action-critical alternatives explicit until a physical observation collapses them.
